{
  "view_matrix": [0.9702957, 0.023187187, -0.24080814, 0.0, 0.0, 0.9953962, 0.09584575, 0.0, 0.2419219, -0.09299872, 0.96582866, 0.0, 1.4312544, -0.30610204, 2.9492211, 1.0],
  "fov_half_rad": 0.524,
  "ply": "data/pringles.ply"
}
