{
  "view_matrix": [0.98162717, -0.007491126, 0.19066189, 0.0, 0.0, 0.999229, 0.039259817, 0.0, -0.190809, -0.038538504, 0.98087037, 0.0, 1.3523787, -0.13761145, 3.4480243, 1.0],
  "fov_half_rad": 0.524,
  "ply": "data/pringles.ply"
}
