{
  "view_matrix": [0.9958049, 0.02903389, -0.08677316, 0.0, 0.0, 0.94832367, 0.31730464, 0.0, 0.09150162, -0.31597352, 0.94434536, 0.0, -0.0652107, -1.3135464, 1.4833832, 1.0],
  "fov_half_rad": 0.524,
  "ply": "data/chairs.ply"
}
