{
  "view_matrix": [0.97904545, -0.07710867, 0.1884787, 0.0, 0.0, 0.9255405, 0.3786486, 0.0, -0.20364176, -0.3707142, 0.9061462, 0.0, 0.26395988, -1.2735751, 3.0682578, 1.0],
  "fov_half_rad": 0.524,
  "ply": "data/salad.ply"
}
