{
  "view_matrix": [0.97904545, -0.08847119, 0.18341978, 0.0, 0.0, 0.90069824, 0.43444523, 0.0, -0.20364176, -0.42534164, 0.8818245, 0.0, 0.44839287, -3.1108792, 3.0798302, 1.0],
  "fov_half_rad": 0.602139,
  "ply": "data/point_cloud_10.ply"
}
