{
  "view_matrix": [0.9840407, -0.031663906, 0.17510368, 0.0, 0.0, 0.9840407, 0.17794354, 0.0, -0.17794354, -0.17510368, 0.96833605, 0.0, 0.57063437, -1.1044037, 3.5474906, 1.0],
  "fov_half_rad": 0.524000,
  "ply": "data/point_cloud_12.ply"
}
